"","Df","SumOfSqs","R2","F","Pr(>F)"
"as.factor(Group)",1,10.8251055354312,0.207404530387217,49.9804336798843,0.001
"Residual",191,41.3680915717928,0.792595469612783,NA,NA
"Total",192,52.193197107224,1,NA,NA
