,logFC,level,p,Genus,ord
Brevibacillus,13.6442877468692,enriched,1.68569554634509e-05,Brevibacillus,186.166588119365
