"","Df","SumOfSqs","R2","F","Pr(>F)"
"Model",2,7.5845784971891,0.31986543475617,16.2252560934492,0.001
"Residual",69,16.1272004981585,0.680134565243829,NA,NA
"Total",71,23.7117789953476,1,NA,NA
